"timestamp","usd_hashprice","btc_hashprice"
"2025-04-02","47.54","0.00055828"
"2025-04-01","46.93","0.00055843"
"2025-03-31","45.90","0.00055723"
"2025-03-30","46.19","0.00055744"
"2025-03-29","46.48","0.00055911"
"2025-03-27","47.57","0.00055874"
"2025-03-27","48.97","0.00056139"
"2025-03-26","49.74","0.00056948"
"2025-03-25","49.02","0.00056126"
"2025-03-24","48.83","0.00055881"
"2025-03-23","48.05","0.00056753"
"2025-03-22","47.79","0.00056778"
"2025-03-21","47.75","0.00056759"
"2025-03-20","48.35","0.00056712"
"2025-03-19","47.59","0.00056617"
"2025-03-18","46.75","0.00056640"
"2025-03-17","47.29","0.00056600"
"2025-03-16","47.34","0.00056645"
"2025-03-15","47.80","0.00056741"
"2025-03-14","47.16","0.00056720"
"2025-03-13","46.62","0.00056651"
"2025-03-12","46.85","0.00056758"
"2025-03-11","45.95","0.00056712"
"2025-03-10","45.84","0.00056635"
"2025-03-09","48.14","0.00057066"
"2025-03-08","49.60","0.00057550"
"2025-03-07","50.61","0.00057484"
"2025-03-06","52.02","0.00057459"
"2025-03-05","51.01","0.00057503"
"2025-03-04","48.76","0.00057574"
"2025-03-03","52.31","0.00057591"
"2025-03-02","50.86","0.00057560"
"2025-03-01","49.09","0.00057692"
"2025-02-28","47.27","0.00057667"
"2025-02-27","49.42","0.00058032"
"2025-02-26","50.76","0.00058189"
"2025-02-25","52.20","0.00058435"
"2025-02-24","55.95","0.00058838"
"2025-02-23","54.11","0.00056317"
"2025-02-22","53.91","0.00055872"
"2025-02-21","54.54","0.00055792"
"2025-02-20","54.38","0.00055787"
"2025-02-19","53.43","0.00055684"
"2025-02-18","53.28","0.00055844"
"2025-02-17","53.49","0.00055661"
"2025-02-16","53.92","0.00055478"
"2025-02-15","54.22","0.00055554"
"2025-02-14","54.06","0.00055675"
"2025-02-13","53.67","0.00055660"
"2025-02-12","53.66","0.00055743"
"2025-02-11","54.15","0.00055724"
"2025-02-10","54.00","0.00055544"
"2025-02-09","54.82","0.00056773"
"2025-02-08","56.52","0.00058681"
"2025-02-07","57.22","0.00058793"
"2025-02-06","57.34","0.00058811"
"2025-02-05","57.60","0.00058906"
"2025-02-04","58.50","0.00058873"
"2025-02-03","56.96","0.00058775"
"2025-02-02","58.07","0.00058617"
"2025-02-01","59.94","0.00058779"
"2025-01-31","61.16","0.00058802"
"2025-01-30","61.74","0.00058745"
"2025-01-29","60.20","0.00058740"
"2025-01-28","60.24","0.00058848"
"2025-01-27","58.83","0.00058605"
"2025-01-26","60.31","0.00057544"
"2025-01-25","60.52","0.00057811"
"2025-01-24","60.69","0.00057770"
"2025-01-23","59.64","0.00057774"
"2025-01-22","60.90","0.00058055"
"2025-01-21","60.82","0.00058564"
"2025-01-20","60.59","0.00057944"
"2025-01-19","60.36","0.00057720"
"2025-01-18","60.02","0.00057841"
"2025-01-17","59.67","0.00058039"
"2025-01-16","57.69","0.00057965"
"2025-01-15","56.61","0.00057727"
"2025-01-14","55.48","0.00057872"
"2025-01-13","53.58","0.00057619"
"2025-01-12","54.65","0.00057834"
"2025-01-11","54.81","0.00058083"
"2025-01-10","54.73","0.00058085"
"2025-01-09","54.48","0.00058310"
"2025-01-08","55.67","0.00058316"
"2025-01-07","58.20","0.00058259"
"2025-01-06","58.08","0.00057974"
"2025-01-05","56.86","0.00057984"
"2025-01-04","56.86","0.00058016"
"2025-01-03","56.35","0.00057965"
"2025-01-02","55.63","0.00057835"
"2025-01-01","54.45","0.00058059"
"2024-12-31","54.29","0.00057997"
"2024-12-30","54.25","0.00058150"
"2024-12-29","55.30","0.00058563"
"2024-12-28","55.51","0.00058698"
"2024-12-27","56.18","0.00058853"
"2024-12-26","56.92","0.00058893"
"2024-12-25","58.12","0.00059070"
"2024-12-24","56.88","0.00059368"
"2024-12-23","55.93","0.00059085"
"2024-12-22","56.81","0.00059044"
"2024-12-21","58.31","0.00059714"
"2024-12-20","58.29","0.00060507"
"2024-12-19","60.11","0.00059999"
"2024-12-18","61.97","0.00059618"
"2024-12-17","63.47","0.00059464"
"2024-12-16","62.66","0.00059484"
"2024-12-15","63.50","0.00061934"
"2024-12-14","63.05","0.00062109"
"2024-12-13","62.65","0.00062337"
"2024-12-12","63.81","0.00063302"
"2024-12-11","62.04","0.00062734"
"2024-12-10","60.35","0.00062281"
"2024-12-09","61.58","0.00062515"
"2024-12-08","62.44","0.00062529"
"2024-12-07","62.92","0.00063052"
"2024-12-06","61.74","0.00062371"
"2024-12-05","62.88","0.00062157"
"2024-12-04","60.03","0.00062182"
"2024-12-03","59.92","0.00062712"
"2024-12-02","62.17","0.00064693"
"2024-12-01","60.77","0.00062697"
"2024-11-30","61.03","0.00063080"
"2024-11-29","61.48","0.00063469"
"2024-11-28","60.29","0.00063161"
"2024-11-27","59.85","0.00063499"
"2024-11-26","58.91","0.00063246"
"2024-11-25","60.75","0.00062742"
"2024-11-24","61.56","0.00063118"
"2024-11-23","63.20","0.00064217"
"2024-11-22","62.88","0.00063633"
"2024-11-21","62.77","0.00064605"
"2024-11-20","60.28","0.00064538"
"2024-11-19","58.89","0.00064011"
"2024-11-18","57.68","0.00063393"
"2024-11-17","57.12","0.00063218"
"2024-11-16","60.77","0.00066702"
"2024-11-15","58.64","0.00065751"
"2024-11-14","58.78","0.00065524"
"2024-11-13","57.47","0.00064537"
"2024-11-12","56.84","0.00064543"
"2024-11-11","52.70","0.00063316"
"2024-11-10","50.35","0.00063594"
"2024-11-09","48.36","0.00063273"
"2024-11-08","47.89","0.00062827"
"2024-11-07","47.34","0.00062755"
"2024-11-06","46.62","0.00062851"
"2024-11-05","43.27","0.00062730"
"2024-11-04","45.37","0.00066297"
"2024-11-03","45.67","0.00066692"
"2024-11-02","46.49","0.00066885"
"2024-11-01","46.75","0.00067078"
"2024-10-31","53.09","0.00074256"
"2024-10-30","48.31","0.00066891"
"2024-10-29","48.01","0.00067072"
"2024-10-28","45.74","0.00066664"
"2024-10-27","45.12","0.00066977"
"2024-10-26","45.67","0.00068247"
"2024-10-25","49.69","0.00073524"
"2024-10-24","46.78","0.00069305"
"2024-10-23","46.17","0.00069357"
"2024-10-22","47.80","0.00071021"
"2024-10-21","47.77","0.00070109"
"2024-10-20","47.94","0.00070037"
"2024-10-19","48.61","0.00071182"
"2024-10-18","49.94","0.00073313"
"2024-10-17","53.27","0.00079220"
"2024-10-16","48.95","0.00072518"
"2024-10-15","47.60","0.00072038"
"2024-10-14","46.80","0.00072251"
"2024-10-13","46.05","0.00073427"
"2024-10-12","47.72","0.00075844"
"2024-10-11","44.75","0.00072748"
"2024-10-10","43.16","0.00071334"
"2024-10-09","44.11","0.00071356"
"2024-10-08","45.84","0.00073462"
"2024-10-07","46.01","0.00072609"
"2024-10-06","45.31","0.00072766"
"2024-10-05","44.96","0.00072449"
"2024-10-04","44.41","0.00072150"
"2024-10-03","43.87","0.00072175"
"2024-10-02","44.20","0.00072144"
"2024-10-01","45.43","0.00072295"
"2024-09-30","46.26","0.00072253"
"2024-09-29","47.62","0.00072445"
"2024-09-28","47.99","0.00072975"
"2024-09-27","47.81","0.00072845"
"2024-09-26","46.45","0.00072254"
"2024-09-25","44.27","0.00069451"
"2024-09-24","43.84","0.00069007"
"2024-09-23","43.66","0.00068732"
"2024-09-22","43.29","0.00068742"
"2024-09-21","43.67","0.00069191"
"2024-09-20","43.85","0.00069359"
"2024-09-19","43.35","0.00069164"
"2024-09-18","41.52","0.00069030"
"2024-09-17","40.93","0.00068946"
"2024-09-16","40.13","0.00068794"
"2024-09-15","41.32","0.00068855"
"2024-09-14","41.43","0.00068992"
"2024-09-13","40.52","0.00069017"
"2024-09-12","40.10","0.00069107"
"2024-09-11","39.48","0.00069364"
"2024-09-10","40.76","0.00071367"
"2024-09-09","39.66","0.00071223"
"2024-09-08","38.67","0.00071126"
"2024-09-07","38.67","0.00071303"
"2024-09-06","39.67","0.00071768"
"2024-09-05","40.62","0.00071518"
"2024-09-04","40.90","0.00071537"
"2024-09-03","41.82","0.00071370"
"2024-09-02","41.48","0.00071260"
"2024-09-01","41.48","0.00071238"
"2024-08-31","42.19","0.00071407"
"2024-08-30","42.34","0.00071633"
"2024-08-29","42.66","0.00071459"
"2024-08-28","43.09","0.00072654"
"2024-08-27","45.91","0.00073838"
"2024-08-26","46.93","0.00073670"
"2024-08-25","47.16","0.00073514"
"2024-08-24","47.20","0.00073636"
"2024-08-23","49.25","0.00079799"
"2024-08-22","48.27","0.00079550"
"2024-08-21","44.16","0.00073772"
"2024-08-20","44.49","0.00074011"
"2024-08-19","43.19","0.00073612"
"2024-08-18","43.81","0.00073424"
"2024-08-17","43.65","0.00073632"
"2024-08-16","43.12","0.00073762"
"2024-08-15","43.01","0.00073652"
"2024-08-14","42.46","0.00070578"
"2024-08-13","42.20","0.00070655"
"2024-08-12","41.54","0.00070399"
"2024-08-11","42.51","0.00070333"
"2024-08-10","42.94","0.00070686"
"2024-08-09","43.05","0.00070891"
"2024-08-08","41.19","0.00070762"
"2024-08-07","39.83","0.00070690"
"2024-08-06","39.48","0.00070669"
"2024-08-05","37.70","0.00070539"
"2024-08-04","42.31","0.00070565"
"2024-08-03","43.42","0.00070877"
"2024-08-02","45.17","0.00070824"
"2024-08-01","45.47","0.00070904"
"2024-07-31","48.68","0.00073780"
"2024-07-30","51.83","0.00078094"
"2024-07-29","53.53","0.00078044"
"2024-07-28","53.00","0.00078139"
"2024-07-27","53.42","0.00078241"
"2024-07-26","52.60","0.00078186"
"2024-07-25","50.60","0.00078335"
"2024-07-24","51.71","0.00078242"
"2024-07-23","52.13","0.00078258"
"2024-07-22","53.02","0.00078448"
"2024-07-21","52.44","0.00078028"
"2024-07-20","52.37","0.00078395"
"2024-07-19","51.08","0.00078501"
"2024-07-18","51.83","0.00080578"
"2024-07-17","52.80","0.00081197"
"2024-07-16","52.19","0.00081303"
"2024-07-15","50.99","0.00081016"
"2024-07-14","49.01","0.00081642"
"2024-07-13","47.81","0.00081847"
"2024-07-12","46.64","0.00081154"
"2024-07-11","47.36","0.00081831"
"2024-07-10","47.38","0.00081558"
"2024-07-09","46.70","0.00081331"
"2024-07-08","45.77","0.00081414"
"2024-07-07","46.60","0.00081281"
"2024-07-06","46.69","0.00081852"
"2024-07-05","45.46","0.00081572"
"2024-07-04","45.35","0.00077830"
"2024-07-03","47.19","0.00077933"
"2024-07-02","48.79","0.00078117"
"2024-07-01","49.16","0.00077948"
"2024-06-30","47.67","0.00077597"
"2024-06-29","47.44","0.00077980"
"2024-06-28","48.01","0.00078547"
"2024-06-27","48.23","0.00078722"
"2024-06-26","48.88","0.00079596"
"2024-06-25","48.19","0.00078607"
"2024-06-24","48.05","0.00078233"
"2024-06-23","50.32","0.00078411"
"2024-06-22","51.05","0.00079438"
"2024-06-21","51.34","0.00080015"
"2024-06-20","52.91","0.00081086"
"2024-06-19","52.54","0.00080664"
"2024-06-18","52.48","0.00080512"
"2024-06-17","52.84","0.00079854"
"2024-06-16","54.23","0.00081674"
"2024-06-15","55.72","0.00084200"
"2024-06-14","56.54","0.00085058"
"2024-06-13","56.30","0.00083602"
"2024-06-12","56.59","0.00083008"
"2024-06-11","57.80","0.00085653"
"2024-06-10","59.62","0.00085705"
"2024-06-09","61.92","0.00089153"
"2024-06-08","83.96","0.00121018"
"2024-06-07","68.99","0.00097856"
"2024-06-06","61.99","0.00087304"
"2024-06-05","58.36","0.00082135"
"2024-06-04","56.23","0.00080789"
"2024-06-03","55.68","0.00080753"
"2024-06-02","55.06","0.00081212"
"2024-06-01","57.07","0.00084355"
"2024-05-31","56.85","0.00083631"
"2024-05-30","55.59","0.00081561"
"2024-05-29","53.45","0.00078710"
"2024-05-28","53.41","0.00078305"
"2024-05-27","53.80","0.00077842"
"2024-05-26","53.42","0.00077480"
"2024-05-25","53.71","0.00077880"
"2024-05-24","52.90","0.00077890"
"2024-05-23","54.19","0.00078832"
"2024-05-22","55.71","0.00079781"
"2024-05-21","55.96","0.00079267"
"2024-05-20","52.86","0.00078151"
"2024-05-19","52.56","0.00078605"
"2024-05-18","52.95","0.00079070"
"2024-05-17","52.45","0.00079151"
"2024-05-16","52.34","0.00079545"
"2024-05-15","50.51","0.00079446"
"2024-05-14","49.40","0.00079819"
"2024-05-13","49.64","0.00079647"
"2024-05-12","48.96","0.00080086"
"2024-05-11","49.65","0.00081515"
"2024-05-10","50.14","0.00080761"
"2024-05-09","48.55","0.00078613"
"2024-05-08","48.57","0.00078016"
"2024-05-07","50.02","0.00078801"
"2024-05-06","53.54","0.00083745"
"2024-05-05","54.97","0.00086197"
"2024-05-04","49.50","0.00078019"
"2024-05-03","46.68","0.00076972"
"2024-05-02","45.26","0.00077564"
"2024-05-01","45.58","0.00078228"
"2024-04-30","48.70","0.00078828"
"2024-04-29","49.95","0.00079616"
"2024-04-28","51.56","0.00080997"
"2024-04-27","53.23","0.00084415"
"2024-04-26","56.68","0.00088384"
"2024-04-25","60.18","0.00093751"
"2024-04-24","85.69","0.00130245"
"2024-04-23","81.74","0.00122952"
"2024-04-22","78.04","0.00118206"
"2024-04-21","123.75","0.00190402"
"2024-04-20","139.14","0.00216433"
"2024-04-19","103.64","0.00162528"
"2024-04-18","103.11","0.00165191"
"2024-04-17","100.53","0.00160590"
"2024-04-16","104.51","0.00165888"
"2024-04-15","105.71","0.00162664"
"2024-04-14","101.53","0.00158114"
"2024-04-13","110.45","0.00165897"
"2024-04-12","117.91","0.00169723"
"2024-04-11","112.68","0.00159967"
"2024-04-10","110.14","0.00159209"
"2024-04-09","110.88","0.00158092"
"2024-04-08","109.97","0.00154699"
"2024-04-07","107.07","0.00154241"
"2024-04-06","105.15","0.00154477"
"2024-04-05","104.52","0.00154817"
"2024-04-04","104.32","0.00156023"
"2024-04-03","102.44","0.00155091"
"2024-04-02","103.03","0.00155248"
"2024-04-01","108.69","0.00155899"
"2024-03-31","109.57","0.00155545"
"2024-03-30","109.40","0.00156275"
"2024-03-28","109.51","0.00156352"
"2024-03-28","109.64","0.00155728"
"2024-03-27","108.10","0.00154966"
"2024-03-26","109.40","0.00155523"
"2024-03-25","104.65","0.00153119"
"2024-03-24","99.75","0.00152962"
"2024-03-23","100.01","0.00154904"
"2024-03-22","101.85","0.00157569"
"2024-03-21","103.91","0.00155944"
"2024-03-20","99.03","0.00155119"
"2024-03-19","101.52","0.00157810"
"2024-03-18","104.69","0.00154584"
"2024-03-17","103.60","0.00154606"
"2024-03-16","107.10","0.00157016"
"2024-03-15","107.09","0.00156227"
"2024-03-14","113.61","0.00157377"
"2024-03-13","119.74","0.00164607"
"2024-03-12","118.64","0.00165557"
"2024-03-11","116.45","0.00164035"
"2024-03-10","114.56","0.00165066"
"2024-03-09","113.27","0.00165575"
"2024-03-08","112.64","0.00166179"
"2024-03-07","111.92","0.00167458"
"2024-03-06","113.22","0.00171898"
"2024-03-05","116.21","0.00175453"
"2024-03-04","110.65","0.00169194"
"2024-03-03","103.35","0.00166096"
"2024-03-02","104.16","0.00167912"
"2024-03-01","105.08","0.00169786"
"2024-02-29","103.34","0.00166425"
"2024-02-28","96.53","0.00162841"
"2024-02-27","91.08","0.00161175"
"2024-02-26","82.64","0.00157922"
"2024-02-25","81.60","0.00158034"
"2024-02-24","81.19","0.00158746"
"2024-02-23","81.09","0.00158750"
"2024-02-22","82.15","0.00159324"
"2024-02-21","82.03","0.00159356"
"2024-02-20","82.68","0.00159356"
"2024-02-19","82.82","0.00158873"
"2024-02-18","82.07","0.00158585"
"2024-02-17","82.31","0.00159401"
"2024-02-16","83.15","0.00159744"
"2024-02-15","88.29","0.00169439"
"2024-02-14","89.77","0.00176473"
"2024-02-13","88.53","0.00178351"
"2024-02-12","84.52","0.00173207"
"2024-02-11","83.42","0.00173228"
"2024-02-10","82.54","0.00174226"
"2024-02-09","82.41","0.00176196"
"2024-02-08","80.09","0.00178540"
"2024-02-07","76.16","0.00176054"
"2024-02-06","75.68","0.00176308"
"2024-02-05","77.05","0.00180225"
"2024-02-04","83.58","0.00194940"
"2024-02-03","78.45","0.00182058"
"2024-02-02","79.51","0.00184696"
"2024-02-01","80.40","0.00189478"
"2024-01-31","81.22","0.00189302"
"2024-01-30","82.04","0.00188978"
"2024-01-29","80.09","0.00188587"
"2024-01-28","79.71","0.00188683"
"2024-01-27","79.08","0.00189082"
"2024-01-26","77.15","0.00188521"
"2024-01-25","75.61","0.00189319"
"2024-01-24","77.35","0.00193850"
"2024-01-23","75.88","0.00192592"
"2024-01-22","78.68","0.00193295"
"2024-01-21","80.47","0.00193091"
"2024-01-20","79.24","0.00190499"
"2024-01-19","78.84","0.00191097"
"2024-01-18","82.97","0.00196553"
"2024-01-17","84.72","0.00198404"
"2024-01-16","84.76","0.00197498"
"2024-01-15","90.33","0.00212117"
"2024-01-14","88.99","0.00208183"
"2024-01-13","80.66","0.00188214"
"2024-01-12","85.95","0.00190680"
"2024-01-11","87.05","0.00186901"
"2024-01-10","87.11","0.00190097"
"2024-01-09","92.37","0.00197993"
"2024-01-08","86.06","0.00191700"
"2024-01-07","83.15","0.00188577"
"2024-01-06","84.55","0.00192809"
"2024-01-05","85.82","0.00195988"
"2024-01-04","86.34","0.00198474"
"2024-01-03","88.74","0.00201940"
"2024-01-02","93.54","0.00206639"
"2024-01-01","98.96","0.00231283"
"2023-12-31","97.87","0.00230650"
"2023-12-30","92.89","0.00220638"
"2023-12-29","92.12","0.00217136"
"2023-12-28","102.56","0.00238887"
"2023-12-27","92.11","0.00214966"
"2023-12-26","88.56","0.00207365"
"2023-12-25","88.67","0.00204610"
"2023-12-24","90.83","0.00208118"
"2023-12-23","95.03","0.00217435"
"2023-12-22","114.01","0.00260182"
"2023-12-21","118.22","0.00270364"
"2023-12-20","115.13","0.00266619"
"2023-12-19","112.94","0.00264543"
"2023-12-18","112.49","0.00271924"
"2023-12-17","130.97","0.00312525"
"2023-12-16","111.02","0.00262670"
"2023-12-15","111.41","0.00262328"
"2023-12-14","105.61","0.00246428"
"2023-12-13","89.77","0.00215621"
"2023-12-12","87.86","0.00211543"
"2023-12-11","88.44","0.00210954"
"2023-12-10","93.68","0.00213775"
"2023-12-09","93.49","0.00212302"
"2023-12-08","98.81","0.00226286"
"2023-12-07","103.47","0.00237488"
"2023-12-06","108.41","0.00247083"
"2023-12-05","95.37","0.00224830"
"2023-12-04","87.11","0.00210227"
"2023-12-03","81.52","0.00206052"
"2023-12-02","77.28","0.00198598"
"2023-12-01","78.10","0.00203284"
"2023-11-30","75.43","0.00199628"
"2023-11-29","75.60","0.00199163"
"2023-11-28","76.16","0.00203395"
"2023-11-27","75.52","0.00203226"
"2023-11-26","75.77","0.00201453"
"2023-11-25","80.26","0.00212454"
"2023-11-24","84.44","0.00224299"
"2023-11-23","88.18","0.00236265"
"2023-11-22","83.49","0.00227695"
"2023-11-21","85.62","0.00230502"
"2023-11-20","85.39","0.00228879"
"2023-11-19","88.62","0.00241767"
"2023-11-18","91.31","0.00250111"
"2023-11-17","92.99","0.00255697"
"2023-11-16","90.03","0.00243881"
"2023-11-15","79.17","0.00218222"
"2023-11-14","79.18","0.00218543"
"2023-11-13","81.21","0.00220194"
"2023-11-12","82.27","0.00221827"
"2023-11-11","84.73","0.00228444"
"2023-11-10","91.72","0.00248266"
"2023-11-09","87.64","0.00239387"
"2023-11-08","79.66","0.00224994"
"2023-11-07","77.14","0.00220506"
"2023-11-06","75.68","0.00216140"
"2023-11-05","76.00","0.00216727"
"2023-11-04","74.31","0.00213623"
"2023-11-03","71.42","0.00206790"
"2023-11-02","72.60","0.00206450"
"2023-11-01","71.12","0.00205544"
"2023-10-31","70.52","0.00204997"
"2023-10-30","70.71","0.00205245"
"2023-10-29","71.93","0.00209647"
"2023-10-28","71.82","0.00210665"
"2023-10-27","72.10","0.00212249"
"2023-10-26","73.37","0.00213637"
"2023-10-25","74.19","0.00216046"
"2023-10-24","72.27","0.00211994"
"2023-10-23","64.56","0.00208825"
"2023-10-22","62.56","0.00209044"
"2023-10-21","62.66","0.00210237"
"2023-10-20","62.11","0.00210926"
"2023-10-19","59.85","0.00210070"
"2023-10-18","59.73","0.00210233"
"2023-10-17","59.81","0.00210582"
"2023-10-16","60.20","0.00215688"
"2023-10-15","59.79","0.00221914"
"2023-10-14","60.18","0.00223843"
"2023-10-13","60.31","0.00224950"
"2023-10-12","60.10","0.00224616"
"2023-10-11","60.32","0.00223310"
"2023-10-10","61.52","0.00223487"
"2023-10-09","61.80","0.00223276"
"2023-10-08","62.55","0.00223923"
"2023-10-07","64.14","0.00229529"
"2023-10-06","63.00","0.00227311"
"2023-10-05","62.59","0.00226453"
"2023-10-04","62.27","0.00226280"
"2023-10-03","62.01","0.00225619"
"2023-10-02","63.18","0.00225197"
"2023-10-01","61.21","0.00225249"
"2023-09-30","61.11","0.00226566"
"2023-09-29","61.21","0.00227067"
"2023-09-28","60.65","0.00227396"
"2023-09-27","59.70","0.00226900"
"2023-09-26","59.73","0.00227670"
"2023-09-25","59.84","0.00228463"
"2023-09-24","61.22","0.00230511"
"2023-09-23","61.76","0.00232376"
"2023-09-22","61.71","0.00231927"
"2023-09-21","62.14","0.00232067"
"2023-09-20","62.87","0.00231806"
"2023-09-19","63.97","0.00236522"
"2023-09-18","64.79","0.00241175"
"2023-09-17","63.37","0.00238835"
"2023-09-16","63.37","0.00238560"
"2023-09-15","63.31","0.00238850"
"2023-09-14","63.37","0.00239639"
"2023-09-13","62.75","0.00240519"
"2023-09-12","62.05","0.00239811"
"2023-09-11","61.94","0.00242953"
"2023-09-10","62.16","0.00240799"
"2023-09-09","62.59","0.00241943"
"2023-09-08","62.57","0.00240495"
"2023-09-07","62.15","0.00240630"
"2023-09-06","61.54","0.00239295"
"2023-09-05","59.72","0.00232132"
"2023-09-04","59.80","0.00230942"
"2023-09-03","59.87","0.00231054"
"2023-09-02","59.90","0.00231985"
"2023-09-01","60.19","0.00232462"
"2023-08-31","62.40","0.00232229"
"2023-08-30","63.26","0.00231229"
"2023-08-29","61.65","0.00230838"
"2023-08-28","59.98","0.00230464"
"2023-08-27","60.02","0.00230312"
"2023-08-26","60.08","0.00230794"
"2023-08-25","60.06","0.00230620"
"2023-08-24","60.69","0.00230899"
"2023-08-23","60.40","0.00230807"
"2023-08-22","62.43","0.00240306"
"2023-08-21","63.51","0.00243652"
"2023-08-20","63.66","0.00243690"
"2023-08-19","63.91","0.00245802"
"2023-08-18","64.51","0.00245302"
"2023-08-17","68.81","0.00244236"
"2023-08-16","71.11","0.00244383"
"2023-08-15","71.51","0.00243953"
"2023-08-14","71.63","0.00243823"
"2023-08-13","71.74","0.00244194"
"2023-08-12","72.12","0.00245286"
"2023-08-11","72.45","0.00246551"
"2023-08-10","72.77","0.00246781"
"2023-08-09","73.66","0.00247914"
"2023-08-08","72.90","0.00247564"
"2023-08-07","71.09","0.00244740"
"2023-08-06","71.06","0.00244717"
"2023-08-05","71.64","0.00246763"
"2023-08-04","71.97","0.00246935"
"2023-08-03","71.64","0.00245608"
"2023-08-02","72.18","0.00245281"
"2023-08-01","71.14","0.00245217"
"2023-07-31","71.61","0.00244174"
"2023-07-30","71.72","0.00244767"
"2023-07-29","72.00","0.00245494"
"2023-07-28","71.96","0.00245889"
"2023-07-27","72.12","0.00245712"
"2023-07-26","70.75","0.00241599"
"2023-07-25","69.57","0.00238435"
"2023-07-24","70.65","0.00239726"
"2023-07-23","73.01","0.00243818"
"2023-07-22","72.25","0.00241765"
"2023-07-21","71.78","0.00240410"
"2023-07-20","71.54","0.00238533"
"2023-07-19","71.29","0.00237770"
"2023-07-18","71.16","0.00237615"
"2023-07-17","71.62","0.00237286"
"2023-07-16","71.89","0.00237243"
"2023-07-15","72.38","0.00238717"
"2023-07-14","74.30","0.00239641"
"2023-07-13","73.21","0.00238394"
"2023-07-12","73.30","0.00239834"
"2023-07-11","77.04","0.00252678"
"2023-07-10","76.18","0.00251793"
"2023-07-09","76.03","0.00251464"
"2023-07-08","76.03","0.00251820"
"2023-07-07","76.40","0.00253180"
"2023-07-06","77.46","0.00253887"
"2023-07-05","77.67","0.00253928"
"2023-07-04","79.19","0.00255583"
"2023-07-03","78.36","0.00254214"
"2023-07-02","77.78","0.00254759"
"2023-07-01","78.35","0.00256881"
"2023-06-30","78.58","0.00257133"
"2023-06-29","78.79","0.00259145"
"2023-06-28","75.69","0.00249849"
"2023-06-27","75.94","0.00248814"
"2023-06-26","75.00","0.00247711"
"2023-06-25","76.02","0.00248319"
"2023-06-24","76.89","0.00251106"
"2023-06-23","76.36","0.00251636"
"2023-06-22","76.52","0.00254240"
"2023-06-21","73.83","0.00251941"
"2023-06-20","67.84","0.00249336"
"2023-06-19","65.70","0.00247790"
"2023-06-18","66.12","0.00249362"
"2023-06-17","66.96","0.00252914"
"2023-06-16","64.57","0.00250592"
"2023-06-15","63.12","0.00251402"
"2023-06-14","65.46","0.00253422"
"2023-06-13","66.60","0.00256153"
"2023-06-12","65.93","0.00254725"
"2023-06-11","65.87","0.00254789"
"2023-06-10","67.76","0.00262208"
"2023-06-09","69.40","0.00261685"
"2023-06-08","70.79","0.00267229"
"2023-06-07","73.14","0.00273176"
"2023-06-06","69.02","0.00264193"
"2023-06-05","67.84","0.00256564"
"2023-06-04","69.96","0.00257487"
"2023-06-03","70.84","0.00260807"
"2023-06-02","71.65","0.00264671"
"2023-06-01","71.51","0.00265743"
"2023-05-31","74.02","0.00271985"
"2023-05-30","76.00","0.00273417"
"2023-05-29","75.34","0.00270276"
"2023-05-28","73.71","0.00269722"
"2023-05-27","73.58","0.00275257"
"2023-05-26","74.46","0.00280126"
"2023-05-25","72.40","0.00275220"
"2023-05-24","72.65","0.00272903"
"2023-05-23","74.22","0.00272465"
"2023-05-22","73.18","0.00272887"
"2023-05-21","74.29","0.00275282"
"2023-05-20","76.30","0.00283264"
"2023-05-19","77.30","0.00287666"
"2023-05-18","76.52","0.00281806"
"2023-05-17","77.79","0.00288007"
"2023-05-16","78.82","0.00291163"
"2023-05-15","77.17","0.00282313"
"2023-05-14","77.82","0.00289550"
"2023-05-13","81.52","0.00303818"
"2023-05-12","83.53","0.00315060"
"2023-05-11","87.57","0.00320797"
"2023-05-10","102.26","0.00368455"
"2023-05-09","115.98","0.00418412"
"2023-05-08","121.64","0.00433223"
"2023-05-07","95.51","0.00329392"
"2023-05-06","91.37","0.00313100"
"2023-05-05","88.33","0.00301430"
"2023-05-04","83.88","0.00289181"
"2023-05-03","84.98","0.00297387"
"2023-05-02","79.47","0.00280928"
"2023-05-01","77.40","0.00272156"
"2023-04-30","79.53","0.00270923"
"2023-04-29","79.57","0.00271436"
"2023-04-28","79.53","0.00270990"
"2023-04-27","78.73","0.00269979"
"2023-04-26","76.96","0.00266845"
"2023-04-25","73.16","0.00265686"
"2023-04-24","72.23","0.00262638"
"2023-04-23","72.33","0.00262209"
"2023-04-22","72.34","0.00263709"
"2023-04-21","74.17","0.00265328"
"2023-04-20","76.31","0.00266130"
"2023-04-19","79.31","0.00268124"
"2023-04-18","80.30","0.00268008"
"2023-04-17","79.56","0.00267744"
"2023-04-16","81.33","0.00268157"
"2023-04-15","81.95","0.00269616"
"2023-04-14","82.62","0.00269902"
"2023-04-13","81.57","0.00269744"
"2023-04-12","81.06","0.00270009"
"2023-04-11","81.53","0.00270629"
"2023-04-10","76.82","0.00268395"
"2023-04-09","75.08","0.00267860"
"2023-04-08","75.53","0.00269663"
"2023-04-07","75.77","0.00271080"
"2023-04-06","77.20","0.00275505"
"2023-04-05","78.76","0.00277708"
"2023-04-04","78.04","0.00277888"
"2023-04-03","77.20","0.00275769"
"2023-04-02","78.13","0.00276146"
"2023-04-01","79.56","0.00279517"
"2023-03-31","77.85","0.00275939"
"2023-03-30","78.44","0.00276317"
"2023-03-29","77.80","0.00276900"
"2023-03-28","74.73","0.00276334"
"2023-03-27","75.76","0.00274862"
"2023-03-26","76.54","0.00275831"
"2023-03-25","76.86","0.00279276"
"2023-03-23","78.09","0.00278983"
"2023-03-23","82.85","0.00297669"
"2023-03-22","83.73","0.00297995"
"2023-03-21","83.45","0.00297861"
"2023-03-20","83.11","0.00297523"
"2023-03-19","81.76","0.00297308"
"2023-03-18","82.49","0.00300992"
"2023-03-17","79.28","0.00300906"
"2023-03-16","74.00","0.00299401"
"2023-03-15","74.21","0.00300546"
"2023-03-14","74.15","0.00297919"
"2023-03-13","68.25","0.00295613"
"2023-03-12","61.47","0.00295265"
"2023-03-11","61.01","0.00299312"
"2023-03-10","61.43","0.00307567"
"2023-03-09","65.18","0.00304440"
"2023-03-08","66.05","0.00299529"
"2023-03-07","67.03","0.00300192"
"2023-03-06","66.83","0.00298132"
"2023-03-05","66.69","0.00297431"
"2023-03-04","66.81","0.00299155"
"2023-03-03","67.34","0.00300377"
"2023-03-02","69.98","0.00298676"
"2023-03-01","70.91","0.00300493"
"2023-02-28","70.16","0.00300156"
"2023-02-27","69.65","0.00297007"
"2023-02-26","69.24","0.00297642"
"2023-02-25","69.34","0.00300813"
"2023-02-24","77.35","0.00327317"
"2023-02-23","78.93","0.00327093"
"2023-02-22","78.56","0.00327086"
"2023-02-21","80.74","0.00326965"
"2023-02-20","80.54","0.00326561"
"2023-02-19","80.45","0.00326417"
"2023-02-18","80.77","0.00328113"
"2023-02-17","79.27","0.00330060"
"2023-02-16","81.34","0.00330468"
"2023-02-15","75.27","0.00331531"
"2023-02-14","72.12","0.00329157"
"2023-02-13","71.11","0.00327776"
"2023-02-12","71.57","0.00327350"
"2023-02-11","71.36","0.00328789"
"2023-02-10","71.15","0.00326743"
"2023-02-09","73.55","0.00326388"
"2023-02-08","75.44","0.00326614"
"2023-02-07","75.18","0.00327064"
"2023-02-06","74.53","0.00325330"
"2023-02-05","75.35","0.00324763"
"2023-02-04","77.00","0.00329192"
"2023-02-03","76.86","0.00327376"
"2023-02-02","77.92","0.00327148"
"2023-02-01","75.93","0.00327726"
"2023-01-31","74.71","0.00325338"
"2023-01-30","75.08","0.00322556"
"2023-01-29","76.48","0.00326318"
"2023-01-28","78.16","0.00339460"
"2023-01-27","77.91","0.00338736"
"2023-01-26","78.04","0.00338282"
"2023-01-25","77.17","0.00339854"
"2023-01-24","78.11","0.00340133"
"2023-01-23","77.51","0.00339476"
"2023-01-22","77.46","0.00339651"
"2023-01-21","78.36","0.00342420"
"2023-01-20","72.66","0.00341015"
"2023-01-19","70.98","0.00340435"
"2023-01-18","71.77","0.00339826"
"2023-01-17","71.75","0.00338515"
"2023-01-16","70.96","0.00337261"
"2023-01-15","76.51","0.00368227"
"2023-01-14","78.00","0.00374673"
"2023-01-13","71.60","0.00375379"
"2023-01-12","68.70","0.00374545"
"2023-01-11","65.08","0.00372827"
"2023-01-10","64.47","0.00372954"
"2023-01-09","64.12","0.00372036"
"2023-01-08","62.98","0.00371737"
"2023-01-07","63.01","0.00372148"
"2023-01-06","62.92","0.00374006"
"2023-01-05","63.02","0.00374544"
"2023-01-04","62.96","0.00374257"
"2023-01-03","61.77","0.00370256"
"2023-01-02","59.77","0.00358256"
"2023-01-01","59.42","0.00359092"
"2022-12-31","59.84","0.00361385"
"2022-12-30","60.16","0.00363701"
"2022-12-29","60.27","0.00363423"
"2022-12-28","60.62","0.00364531"
"2022-12-27","61.26","0.00364683"
"2022-12-26","60.93","0.00361671"
"2022-12-25","61.18","0.00363815"
"2022-12-24","61.31","0.00364296"
"2022-12-23","60.97","0.00362365"
"2022-12-22","60.79","0.00362311"
"2022-12-21","61.05","0.00362801"
"2022-12-20","60.96","0.00363060"
"2022-12-19","61.46","0.00368455"
"2022-12-18","62.45","0.00373140"
"2022-12-17","62.73","0.00375597"
"2022-12-16","63.93","0.00373957"
"2022-12-15","65.95","0.00375099"
"2022-12-14","66.44","0.00371780"
"2022-12-13","65.10","0.00372655"
"2022-12-12","63.05","0.00370878"
"2022-12-11","63.65","0.00370985"
"2022-12-10","63.90","0.00372417"
"2022-12-09","64.01","0.00372445"
"2022-12-08","63.09","0.00372564"
"2022-12-07","63.42","0.00375680"
"2022-12-06","63.45","0.00373275"
"2022-12-05","59.67","0.00347474"
"2022-12-04","59.27","0.00348271"
"2022-12-03","59.81","0.00352381"
"2022-12-02","59.70","0.00351899"
"2022-12-01","59.84","0.00350813"
"2022-11-30","59.05","0.00349380"
"2022-11-29","57.38","0.00349714"
"2022-11-28","56.40","0.00348050"
"2022-11-27","57.82","0.00349721"
"2022-11-26","58.41","0.00352886"
"2022-11-25","57.87","0.00351054"
"2022-11-24","58.45","0.00352281"
"2022-11-23","57.88","0.00351733"
"2022-11-22","55.92","0.00351039"
"2022-11-21","55.86","0.00348737"
"2022-11-20","57.91","0.00349514"
"2022-11-19","59.25","0.00356354"
"2022-11-18","59.83","0.00357743"
"2022-11-17","58.92","0.00355023"
"2022-11-16","59.20","0.00354871"
"2022-11-15","59.53","0.00354074"
"2022-11-14","57.50","0.00349791"
"2022-11-13","57.87","0.00348148"
"2022-11-12","58.57","0.00348291"
"2022-11-11","60.00","0.00351533"
"2022-11-10","59.45","0.00351484"
"2022-11-09","61.22","0.00349843"
"2022-11-08","68.30","0.00349190"
"2022-11-07","72.12","0.00347213"
"2022-11-06","73.54","0.00346610"
"2022-11-05","74.43","0.00348817"
"2022-11-04","72.08","0.00348100"
"2022-11-03","70.60","0.00348560"
"2022-11-02","70.85","0.00347149"
"2022-11-01","71.04","0.00346497"
"2022-10-31","71.04","0.00346369"
"2022-10-30","71.87","0.00346793"
"2022-10-29","72.21","0.00347397"
"2022-10-28","70.96","0.00347991"
"2022-10-27","71.89","0.00348530"
"2022-10-26","71.94","0.00350150"
"2022-10-25","67.89","0.00346392"
"2022-10-24","66.79","0.00345083"
"2022-10-23","68.61","0.00356092"
"2022-10-22","68.49","0.00357139"
"2022-10-21","68.19","0.00357644"
"2022-10-20","68.56","0.00358556"
"2022-10-19","69.11","0.00359692"
"2022-10-18","69.90","0.00358910"
"2022-10-17","69.24","0.00356929"
"2022-10-16","68.25","0.00356058"
"2022-10-15","68.48","0.00357725"
"2022-10-14","69.99","0.00358632"
"2022-10-13","68.12","0.00357964"
"2022-10-12","68.15","0.00356484"
"2022-10-11","67.87","0.00355971"
"2022-10-10","72.99","0.00377559"
"2022-10-09","78.39","0.00403139"
"2022-10-08","78.75","0.00403987"
"2022-10-07","80.09","0.00405148"
"2022-10-06","81.60","0.00404922"
"2022-10-05","81.37","0.00404302"
"2022-10-04","80.82","0.00405279"
"2022-10-03","78.22","0.00404932"
"2022-10-02","77.83","0.00404733"
"2022-10-01","78.56","0.00406470"
"2022-09-30","79.55","0.00407419"
"2022-09-29","78.92","0.00406889"
"2022-09-28","77.81","0.00406912"
"2022-09-27","78.85","0.00399526"
"2022-09-26","75.62","0.00397654"
"2022-09-25","75.28","0.00396595"
"2022-09-24","76.07","0.00398731"
"2022-09-23","76.09","0.00399291"
"2022-09-22","75.66","0.00398638"
"2022-09-21","75.74","0.00398487"
"2022-09-20","76.43","0.00398478"
"2022-09-19","75.59","0.00397682"
"2022-09-18","78.95","0.00397556"
"2022-09-17","79.92","0.00400640"
"2022-09-16","78.82","0.00400004"
"2022-09-15","79.94","0.00399966"
"2022-09-14","81.02","0.00400623"
"2022-09-13","88.14","0.00409206"
"2022-09-12","90.85","0.00410516"
"2022-09-11","88.63","0.00410130"
"2022-09-10","88.11","0.00411901"
"2022-09-09","85.76","0.00413622"
"2022-09-08","79.56","0.00413116"
"2022-09-07","78.05","0.00412847"
"2022-09-06","80.76","0.00412025"
"2022-09-05","81.29","0.00410758"
"2022-09-04","81.22","0.00410128"
"2022-09-03","82.37","0.00415151"
"2022-09-02","83.04","0.00413347"
"2022-09-01","82.39","0.00412585"
"2022-08-31","85.15","0.00421450"
"2022-08-30","90.36","0.00448691"
"2022-08-29","89.42","0.00447606"
"2022-08-28","89.31","0.00446700"
"2022-08-27","90.27","0.00448625"
"2022-08-26","94.78","0.00447864"
"2022-08-25","96.82","0.00448244"
"2022-08-24","96.22","0.00448136"
"2022-08-23","95.98","0.00448656"
"2022-08-22","95.18","0.00447566"
"2022-08-21","95.65","0.00447553"
"2022-08-20","94.94","0.00448405"
"2022-08-19","98.19","0.00449619"
"2022-08-18","106.02","0.00452760"
"2022-08-17","107.39","0.00453120"
"2022-08-16","108.32","0.00451858"
"2022-08-15","109.31","0.00450441"
"2022-08-14","110.74","0.00451800"
"2022-08-13","111.25","0.00453390"
"2022-08-12","109.14","0.00454950"
"2022-08-11","111.05","0.00455573"
"2022-08-10","107.01","0.00457094"
"2022-08-09","106.78","0.00455577"
"2022-08-08","107.58","0.00452116"
"2022-08-07","104.16","0.00451297"
"2022-08-06","105.49","0.00454904"
"2022-08-05","104.93","0.00454802"
"2022-08-04","104.92","0.00459125"
"2022-08-03","107.01","0.00461707"
"2022-08-02","105.81","0.00460622"
"2022-08-01","106.94","0.00460431"
"2022-07-31","109.25","0.00460352"
"2022-07-30","110.87","0.00461288"
"2022-07-29","110.35","0.00461955"
"2022-07-28","107.44","0.00460801"
"2022-07-27","99.62","0.00459975"
"2022-07-26","96.81","0.00460305"
"2022-07-25","100.82","0.00459349"
"2022-07-24","104.07","0.00459493"
"2022-07-23","104.42","0.00463804"
"2022-07-22","107.90","0.00466245"
"2022-07-21","103.38","0.00450703"
"2022-07-20","104.63","0.00443928"
"2022-07-19","100.15","0.00444570"
"2022-07-18","96.22","0.00440785"
"2022-07-17","93.34","0.00439948"
"2022-07-16","92.24","0.00442027"
"2022-07-15","92.69","0.00446024"
"2022-07-14","90.31","0.00447687"
"2022-07-13","86.37","0.00440612"
"2022-07-12","86.86","0.00439853"
"2022-07-11","89.64","0.00438042"
"2022-07-10","92.50","0.00437757"
"2022-07-09","95.41","0.00441445"
"2022-07-08","96.16","0.00442023"
"2022-07-07","92.05","0.00443021"
"2022-07-06","88.14","0.00436918"
"2022-07-05","86.64","0.00433464"
"2022-07-04","83.87","0.00429980"
"2022-07-03","82.45","0.00430536"
"2022-07-02","83.42","0.00434085"
"2022-07-01","84.50","0.00432811"
"2022-06-30","83.38","0.00431297"
"2022-06-29","86.89","0.00431651"
"2022-06-28","89.34","0.00431783"
"2022-06-27","90.79","0.00431466"
"2022-06-26","92.25","0.00431875"
"2022-06-25","91.86","0.00432099"
"2022-06-24","91.17","0.00432349"
"2022-06-23","88.91","0.00433217"
"2022-06-22","86.31","0.00425229"
"2022-06-21","88.72","0.00422572"
"2022-06-20","85.58","0.00421729"
"2022-06-19","81.47","0.00422591"
"2022-06-18","82.42","0.00426494"
"2022-06-17","88.54","0.00428139"
"2022-06-16","91.33","0.00426436"
"2022-06-15","91.10","0.00426827"
"2022-06-14","94.89","0.00428042"
"2022-06-13","102.44","0.00423239"
"2022-06-12","115.97","0.00420107"
"2022-06-11","121.49","0.00421239"
"2022-06-10","124.42","0.00419931"
"2022-06-09","126.84","0.00419558"
"2022-06-08","128.55","0.00422246"
"2022-06-07","127.63","0.00425443"
"2022-06-06","132.88","0.00425440"
"2022-06-05","126.81","0.00425582"
"2022-06-04","127.17","0.00428480"
"2022-06-03","128.82","0.00429923"
"2022-06-02","129.32","0.00430674"
"2022-06-01","132.90","0.00428001"
"2022-05-31","135.15","0.00426410"
"2022-05-30","130.24","0.00425662"
"2022-05-29","123.87","0.00425395"
"2022-05-28","123.40","0.00427481"
"2022-05-27","123.85","0.00429085"
"2022-05-26","126.14","0.00428741"
"2022-05-25","124.48","0.00418713"
"2022-05-24","119.85","0.00409200"
"2022-05-23","122.86","0.00408667"
"2022-05-22","121.30","0.00407529"
"2022-05-21","120.16","0.00410025"
"2022-05-20","122.37","0.00410985"
"2022-05-19","121.30","0.00410793"
"2022-05-18","121.39","0.00410520"
"2022-05-17","124.22","0.00410611"
"2022-05-16","122.86","0.00410278"
"2022-05-15","124.15","0.00412626"
"2022-05-14","121.86","0.00415176"
"2022-05-13","125.34","0.00416132"
"2022-05-12","117.53","0.00414686"
"2022-05-11","125.13","0.00409664"
"2022-05-10","134.91","0.00430678"
"2022-05-09","139.85","0.00428312"
"2022-05-08","147.82","0.00427987"
"2022-05-07","153.84","0.00429135"
"2022-05-06","155.65","0.00430683"
"2022-05-05","165.38","0.00430578"
"2022-05-04","165.49","0.00426421"
"2022-05-03","163.21","0.00426786"
"2022-05-02","164.51","0.00425410"
"2022-05-01","162.06","0.00425756"
"2022-04-30","164.77","0.00427987"
"2022-04-29","167.12","0.00427611"
"2022-04-28","169.12","0.00426894"
"2022-04-27","171.63","0.00442226"
"2022-04-26","178.78","0.00450701"
"2022-04-25","176.44","0.00449697"
"2022-04-24","177.85","0.00448679"
"2022-04-23","178.58","0.00450057"
"2022-04-22","180.85","0.00450572"
"2022-04-21","187.38","0.00449354"
"2022-04-20","186.63","0.00450074"
"2022-04-19","184.94","0.00450455"
"2022-04-18","177.93","0.00448531"
"2022-04-17","180.63","0.00448117"
"2022-04-16","181.49","0.00449285"
"2022-04-15","181.21","0.00450432"
"2022-04-14","182.82","0.00449257"
"2022-04-13","180.13","0.00445067"
"2022-04-12","177.76","0.00445081"
"2022-04-11","182.93","0.00443857"
"2022-04-10","189.47","0.00443140"
"2022-04-09","189.01","0.00445127"
"2022-04-08","192.84","0.00445375"
"2022-04-07","193.19","0.00444571"
"2022-04-06","198.58","0.00445086"
"2022-04-05","206.17","0.00444888"
"2022-04-04","205.03","0.00445223"
"2022-04-03","206.45","0.00445559"
"2022-04-02","208.66","0.00449129"
"2022-04-01","204.52","0.00449042"
"2022-03-31","209.96","0.00449823"
"2022-03-30","218.82","0.00463131"
"2022-03-29","220.11","0.00462746"
"2022-03-28","218.92","0.00462621"
"2022-03-27","207.64","0.00461803"
"2022-03-26","205.52","0.00462789"
"2022-03-24","205.63","0.00464238"
"2022-03-24","200.81","0.00463204"
"2022-03-23","196.05","0.00463908"
"2022-03-22","196.46","0.00462633"
"2022-03-21","189.73","0.00461511"
"2022-03-20","192.06","0.00461185"
"2022-03-19","193.82","0.00462930"
"2022-03-18","189.65","0.00462897"
"2022-03-17","188.92","0.00461779"
"2022-03-16","185.62","0.00461276"
"2022-03-15","180.18","0.00461820"
"2022-03-14","178.23","0.00460141"
"2022-03-13","178.85","0.00459748"
"2022-03-12","180.43","0.00461350"
"2022-03-11","179.93","0.00461750"
"2022-03-10","183.34","0.00462617"
"2022-03-09","191.65","0.00461286"
"2022-03-08","178.56","0.00462119"
"2022-03-07","176.59","0.00461566"
"2022-03-06","180.52","0.00462602"
"2022-03-05","181.75","0.00464102"
"2022-03-04","190.66","0.00465667"
"2022-03-03","199.81","0.00463432"
"2022-03-02","204.25","0.00463515"
"2022-03-01","198.58","0.00454893"
"2022-02-28","178.62","0.00453226"
"2022-02-27","175.54","0.00453430"
"2022-02-26","178.40","0.00454767"
"2022-02-25","176.92","0.00455580"
"2022-02-24","164.14","0.00454218"
"2022-02-23","173.30","0.00453374"
"2022-02-22","170.13","0.00454676"
"2022-02-21","174.50","0.00453239"
"2022-02-20","175.43","0.00452613"
"2022-02-19","181.87","0.00453787"
"2022-02-18","183.74","0.00454631"
"2022-02-17","198.09","0.00464171"
"2022-02-16","209.67","0.00476415"
"2022-02-15","209.19","0.00476511"
"2022-02-14","200.87","0.00475477"
"2022-02-13","201.34","0.00475432"
"2022-02-12","202.32","0.00477803"
"2022-02-11","207.65","0.00480799"
"2022-02-10","212.70","0.00479561"
"2022-02-09","210.46","0.00478813"
"2022-02-08","210.11","0.00478810"
"2022-02-07","205.70","0.00476939"
"2022-02-06","198.72","0.00477499"
"2022-02-05","199.65","0.00480609"
"2022-02-04","184.45","0.00476848"
"2022-02-03","175.79","0.00477469"
"2022-02-02","182.28","0.00478979"
"2022-02-01","184.70","0.00478799"
"2022-01-31","179.71","0.00478304"
"2022-01-30","181.13","0.00477126"
"2022-01-29","181.03","0.00478452"
"2022-01-28","177.13","0.00477986"
"2022-01-27","174.17","0.00478957"
"2022-01-26","179.19","0.00477653"
"2022-01-25","174.49","0.00477854"
"2022-01-24","167.26","0.00476425"
"2022-01-23","169.01","0.00476974"
"2022-01-22","170.01","0.00478776"
"2022-01-21","187.13","0.00483719"
"2022-01-20","219.52","0.00520065"
"2022-01-19","218.27","0.00520694"
"2022-01-18","218.55","0.00521071"
"2022-01-17","221.05","0.00519530"
"2022-01-16","223.90","0.00519350"
"2022-01-15","224.35","0.00519985"
"2022-01-14","222.70","0.00520800"
"2022-01-13","226.39","0.00521232"
"2022-01-12","225.74","0.00522517"
"2022-01-11","220.68","0.00522809"
"2022-01-10","216.77","0.00520908"
"2022-01-09","218.37","0.00521082"
"2022-01-08","218.40","0.00523629"
"2022-01-07","220.90","0.00526031"
"2022-01-06","227.32","0.00527530"
"2022-01-05","241.33","0.00525793"
"2022-01-04","243.99","0.00525521"
"2022-01-03","245.16","0.00523620"
"2022-01-02","246.82","0.00522386"
"2022-01-01","246.99","0.00524158"
"2021-12-31","250.86","0.00530478"
"2021-12-30","248.77","0.00528162"
"2021-12-29","251.26","0.00528037"
"2021-12-28","257.75","0.00527456"
"2021-12-27","267.37","0.00523408"
"2021-12-26","262.09","0.00522391"
"2021-12-25","266.68","0.00524368"
"2021-12-24","268.73","0.00526298"
"2021-12-23","258.01","0.00525501"
"2021-12-22","257.51","0.00525632"
"2021-12-21","254.81","0.00526231"
"2021-12-20","243.58","0.00524587"
"2021-12-19","247.26","0.00523870"
"2021-12-18","245.73","0.00526934"
"2021-12-17","248.02","0.00526856"
"2021-12-16","255.72","0.00526274"
"2021-12-15","253.50","0.00526676"
"2021-12-14","248.84","0.00527140"
"2021-12-13","252.88","0.00524583"
"2021-12-12","259.71","0.00523710"
"2021-12-11","263.46","0.00543534"
"2021-12-10","274.63","0.00569147"
"2021-12-09","279.58","0.00569674"
"2021-12-08","285.90","0.00568131"
"2021-12-07","290.67","0.00569719"
"2021-12-06","278.82","0.00570760"
"2021-12-05","282.80","0.00575504"
"2021-12-04","280.25","0.00571443"
"2021-12-03","319.24","0.00571325"
"2021-12-02","326.38","0.00575531"
"2021-12-01","329.51","0.00573970"
"2021-11-30","327.10","0.00570220"
"2021-11-29","327.37","0.00568264"
"2021-11-28","308.34","0.00564455"
"2021-11-27","307.24","0.00561820"
"2021-11-26","314.69","0.00565096"
"2021-11-25","328.42","0.00563564"
"2021-11-24","319.15","0.00562234"
"2021-11-23","320.19","0.00562530"
"2021-11-22","321.97","0.00561167"
"2021-11-21","332.34","0.00561685"
"2021-11-20","330.61","0.00563104"
"2021-11-19","321.57","0.00561884"
"2021-11-18","331.75","0.00562062"
"2021-11-17","336.84","0.00562407"
"2021-11-16","341.88","0.00562185"
"2021-11-15","364.93","0.00560541"
"2021-11-14","364.70","0.00565574"
"2021-11-13","377.13","0.00588838"
"2021-11-12","378.71","0.00590056"
"2021-11-11","383.53","0.00590695"
"2021-11-10","396.17","0.00592474"
"2021-11-09","401.44","0.00594425"
"2021-11-08","386.79","0.00587806"
"2021-11-07","364.42","0.00586501"
"2021-11-06","359.28","0.00589085"
"2021-11-05","363.62","0.00590955"
"2021-11-04","365.26","0.00590507"
"2021-11-03","371.04","0.00590311"
"2021-11-02","369.20","0.00590256"
"2021-11-01","360.39","0.00588003"
"2021-10-31","381.93","0.00624934"
"2021-10-30","390.81","0.00634216"
"2021-10-29","391.02","0.00634948"
"2021-10-28","381.75","0.00633595"
"2021-10-27","378.07","0.00635295"
"2021-10-26","395.35","0.00634528"
"2021-10-25","396.12","0.00632663"
"2021-10-24","384.31","0.00633032"
"2021-10-23","387.88","0.00634945"
"2021-10-22","396.60","0.00637826"
"2021-10-21","411.94","0.00640386"
"2021-10-20","412.85","0.00635474"
"2021-10-19","399.73","0.00637174"
"2021-10-18","395.40","0.00639892"
"2021-10-17","389.90","0.00640833"
"2021-10-16","396.17","0.00646544"
"2021-10-15","386.10","0.00644720"
"2021-10-14","370.44","0.00642609"
"2021-10-13","361.31","0.00644649"
"2021-10-12","366.07","0.00646435"
"2021-10-11","364.36","0.00642469"
"2021-10-10","353.46","0.00640729"
"2021-10-09","353.46","0.00645689"
"2021-10-08","354.09","0.00650176"
"2021-10-07","353.36","0.00650012"
"2021-10-06","340.11","0.00642588"
"2021-10-05","320.78","0.00640556"
"2021-10-04","322.62","0.00669889"
"2021-10-03","320.89","0.00668181"
"2021-10-02","320.87","0.00670679"
"2021-10-01","309.19","0.00671174"
"2021-09-30","290.50","0.00671488"
"2021-09-29","280.89","0.00671615"
"2021-09-28","281.21","0.00670601"
"2021-09-27","291.18","0.00669023"
"2021-09-26","286.07","0.00668375"
"2021-09-25","285.42","0.00670111"
"2021-09-24","289.95","0.00672217"
"2021-09-23","296.12","0.00671495"
"2021-09-22","287.03","0.00674286"
"2021-09-21","290.93","0.00685355"
"2021-09-20","307.92","0.00690016"
"2021-09-19","329.01","0.00689311"
"2021-09-18","333.79","0.00691985"
"2021-09-17","330.86","0.00695375"
"2021-09-16","333.55","0.00696350"
"2021-09-15","330.65","0.00694807"
"2021-09-14","318.69","0.00692039"
"2021-09-13","309.50","0.00690803"
"2021-09-12","314.68","0.00689527"
"2021-09-11","314.48","0.00693143"
"2021-09-10","318.54","0.00693677"
"2021-09-09","322.00","0.00693665"
"2021-09-08","322.71","0.00697034"
"2021-09-07","362.74","0.00725920"
"2021-09-06","374.54","0.00723221"
"2021-09-05","363.16","0.00721180"
"2021-09-04","363.21","0.00725348"
"2021-09-03","363.68","0.00728715"
"2021-09-02","361.83","0.00728529"
"2021-09-01","346.61","0.00726836"
"2021-08-31","342.61","0.00724222"
"2021-08-30","347.14","0.00721887"
"2021-08-29","350.92","0.00721058"
"2021-08-28","353.61","0.00723118"
"2021-08-27","344.87","0.00722387"
"2021-08-26","342.27","0.00722824"
"2021-08-25","377.71","0.00783031"
"2021-08-24","400.10","0.00818033"
"2021-08-23","408.37","0.00818547"
"2021-08-22","399.30","0.00816533"
"2021-08-21","401.82","0.00819183"
"2021-08-20","391.47","0.00819417"
"2021-08-19","371.20","0.00820963"
"2021-08-18","370.87","0.00821544"
"2021-08-17","377.44","0.00821097"
"2021-08-16","383.61","0.00817559"
"2021-08-15","378.82","0.00815642"
"2021-08-14","387.59","0.00822495"
"2021-08-13","387.55","0.00839052"
"2021-08-12","395.42","0.00880072"
"2021-08-11","405.02","0.00878810"
"2021-08-10","401.18","0.00879775"
"2021-08-09","393.82","0.00877060"
"2021-08-08","388.38","0.00875733"
"2021-08-07","382.67","0.00878435"
"2021-08-06","363.79","0.00879551"
"2021-08-05","347.70","0.00881932"
"2021-08-04","340.53","0.00879656"
"2021-08-03","337.88","0.00878506"
"2021-08-02","347.73","0.00878042"
"2021-08-01","363.53","0.00876309"
"2021-07-31","370.11","0.00888742"
"2021-07-30","369.66","0.00932632"
"2021-07-29","372.35","0.00934091"
"2021-07-28","372.04","0.00933128"
"2021-07-27","352.94","0.00936475"
"2021-07-26","357.21","0.00932351"
"2021-07-25","320.15","0.00931061"
"2021-07-24","316.41","0.00934039"
"2021-07-23","304.53","0.00937360"
"2021-07-22","300.18","0.00934127"
"2021-07-21","292.27","0.00937027"
"2021-07-20","279.90","0.00938115"
"2021-07-19","291.28","0.00934260"
"2021-07-18","296.08","0.00931913"
"2021-07-17","280.94","0.00890194"
"2021-07-16","284.39","0.00895662"
"2021-07-15","287.61","0.00896089"
"2021-07-14","293.51","0.00903507"
"2021-07-13","297.64","0.00906058"
"2021-07-12","303.19","0.00899854"
"2021-07-11","302.39","0.00894665"
"2021-07-10","302.26","0.00896737"
"2021-07-09","300.06","0.00904503"
"2021-07-08","300.49","0.00913316"
"2021-07-07","317.22","0.00917869"
"2021-07-06","316.16","0.00925531"
"2021-07-05","315.84","0.00926247"
"2021-07-04","328.19","0.00930278"
"2021-07-03","306.61","0.00892347"
"2021-07-02","234.00","0.00702902"
"2021-07-01","237.09","0.00703032"
"2021-06-30","242.58","0.00694529"
"2021-06-29","244.49","0.00687557"
"2021-06-28","233.26","0.00676664"
"2021-06-27","220.42","0.00666867"
"2021-06-26","211.01","0.00670212"
"2021-06-25","225.44","0.00675503"
"2021-06-24","230.74","0.00683631"
"2021-06-23","230.91","0.00684197"
"2021-06-22","215.33","0.00672835"
"2021-06-21","217.56","0.00656580"
"2021-06-20","229.47","0.00654346"
"2021-06-19","235.16","0.00657613"
"2021-06-18","242.02","0.00654106"
"2021-06-17","254.31","0.00658644"
"2021-06-16","261.18","0.00662569"
"2021-06-15","265.64","0.00660511"
"2021-06-14","258.26","0.00650869"
"2021-06-13","227.17","0.00623960"
"2021-06-12","225.48","0.00631140"
"2021-06-11","234.58","0.00634010"
"2021-06-10","233.53","0.00631117"
"2021-06-09","215.77","0.00618642"
"2021-06-08","204.37","0.00621445"
"2021-06-07","220.78","0.00615217"
"2021-06-06","220.96","0.00614377"
"2021-06-05","228.46","0.00624267"
"2021-06-04","233.32","0.00628951"
"2021-06-03","242.66","0.00629727"
"2021-06-02","234.12","0.00628014"
"2021-06-01","229.50","0.00627405"
"2021-05-31","225.91","0.00624721"
"2021-05-30","220.85","0.00622244"
"2021-05-29","192.41","0.00545745"
"2021-05-28","200.97","0.00548979"
"2021-05-27","212.09","0.00546548"
"2021-05-26","219.49","0.00559102"
"2021-05-25","213.46","0.00560502"
"2021-05-24","207.24","0.00559714"
"2021-05-23","196.99","0.00561788"
"2021-05-22","222.22","0.00592583"
"2021-05-21","232.77","0.00595225"
"2021-05-20","234.87","0.00589207"
"2021-05-19","220.61","0.00564625"
"2021-05-18","243.99","0.00552188"
"2021-05-17","240.08","0.00541947"
"2021-05-16","256.17","0.00536830"
"2021-05-15","267.06","0.00546649"
"2021-05-14","271.40","0.00540702"
"2021-05-13","289.89","0.00581074"
"2021-05-12","365.87","0.00654120"
"2021-05-11","371.74","0.00665394"
"2021-05-10","377.28","0.00653331"
"2021-05-09","378.09","0.00651898"
"2021-05-08","388.44","0.00663452"
"2021-05-07","381.53","0.00671381"
"2021-05-06","383.32","0.00672725"
"2021-05-05","371.79","0.00665046"
"2021-05-04","369.44","0.00668011"
"2021-05-03","383.74","0.00662492"
"2021-05-02","376.98","0.00662895"
"2021-05-01","361.60","0.00625539"
"2021-04-30","344.93","0.00623938"
"2021-04-29","336.76","0.00624968"
"2021-04-28","339.74","0.00619985"
"2021-04-27","352.25","0.00645142"
"2021-04-26","328.34","0.00618934"
"2021-04-25","305.59","0.00615414"
"2021-04-24","336.37","0.00671727"
"2021-04-23","353.50","0.00708848"
"2021-04-22","395.62","0.00735241"
"2021-04-21","410.78","0.00740872"
"2021-04-20","402.93","0.00725582"
"2021-04-19","389.10","0.00689964"
"2021-04-18","383.55","0.00684016"
"2021-04-17","405.22","0.00660777"
"2021-04-16","384.56","0.00622725"
"2021-04-15","392.11","0.00623250"
"2021-04-14","392.80","0.00619187"
"2021-04-13","373.78","0.00601169"
"2021-04-12","352.67","0.00586925"
"2021-04-11","351.36","0.00587792"
"2021-04-10","358.00","0.00598082"
"2021-04-09","356.29","0.00612099"
"2021-04-08","341.80","0.00597782"
"2021-04-07","344.36","0.00604348"
"2021-04-06","353.51","0.00604685"
"2021-04-05","341.38","0.00587599"
"2021-04-04","340.14","0.00589289"
"2021-04-03","353.70","0.00600160"
"2021-04-02","356.88","0.00602132"
"2021-04-01","371.29","0.00630601"
"2021-03-31","374.13","0.00637263"
"2021-03-30","368.26","0.00631115"
"2021-03-29","349.23","0.00613549"
"2021-03-28","340.93","0.00610657"
"2021-03-27","342.31","0.00620339"
"2021-03-25","333.58","0.00626589"
"2021-03-25","327.31","0.00627964"
"2021-03-24","343.10","0.00622271"
"2021-03-23","340.95","0.00623286"
"2021-03-22","350.15","0.00616646"
"2021-03-21","353.57","0.00616884"
"2021-03-20","374.44","0.00637000"
"2021-03-19","385.63","0.00661705"
"2021-03-18","392.46","0.00671189"
"2021-03-17","366.66","0.00652867"
"2021-03-16","365.40","0.00660265"
"2021-03-15","369.68","0.00642872"
"2021-03-14","395.06","0.00653374"
"2021-03-13","386.87","0.00658049"
"2021-03-12","376.51","0.00662521"
"2021-03-11","371.62","0.00660301"
"2021-03-10","362.60","0.00654809"
"2021-03-09","351.81","0.00651755"
"2021-03-08","321.04","0.00631964"
"2021-03-07","318.14","0.00633492"
"2021-03-06","313.06","0.00647125"
"2021-03-05","311.94","0.00653730"
"2021-03-04","327.58","0.00663079"
"2021-03-03","330.91","0.00656229"
"2021-03-02","325.12","0.00668685"
"2021-03-01","307.20","0.00644640"
"2021-02-28","286.99","0.00640303"
"2021-02-27","308.57","0.00654683"
"2021-02-26","316.92","0.00679208"
"2021-02-25","336.74","0.00673625"
"2021-02-24","348.43","0.00699616"
"2021-02-23","338.43","0.00691444"
"2021-02-22","358.92","0.00656198"
"2021-02-21","378.19","0.00663132"
"2021-02-20","381.73","0.00678454"
"2021-02-19","363.16","0.00684315"
"2021-02-18","356.22","0.00686408"
"2021-02-17","344.42","0.00676497"
"2021-02-16","326.90","0.00669226"
"2021-02-15","315.42","0.00658979"
"2021-02-14","319.57","0.00657566"
"2021-02-13","330.45","0.00698750"
"2021-02-12","343.88","0.00722332"
"2021-02-11","327.53","0.00707665"
"2021-02-10","321.67","0.00702217"
"2021-02-09","326.46","0.00699331"
"2021-02-08","265.11","0.00643083"
"2021-02-07","249.82","0.00645266"
"2021-02-06","266.24","0.00668752"
"2021-02-05","259.60","0.00689954"
"2021-02-04","264.11","0.00703607"
"2021-02-03","251.35","0.00687255"
"2021-02-02","244.40","0.00703987"
"2021-02-01","229.95","0.00682117"
"2021-01-31","229.92","0.00687206"
"2021-01-30","241.63","0.00709444"
"2021-01-29","240.07","0.00684624"
"2021-01-28","209.71","0.00659754"
"2021-01-27","204.66","0.00657131"
"2021-01-26","211.47","0.00660885"
"2021-01-25","219.12","0.00656844"
"2021-01-24","206.54","0.00640804"
"2021-01-23","219.07","0.00676990"
"2021-01-22","221.20","0.00694390"
"2021-01-21","226.54","0.00687823"
"2021-01-20","237.12","0.00674521"
"2021-01-19","247.34","0.00671050"
"2021-01-18","236.58","0.00656338"
"2021-01-17","237.74","0.00666845"
"2021-01-16","252.19","0.00684416"
"2021-01-15","265.83","0.00709452"
"2021-01-14","268.28","0.00696607"
"2021-01-13","245.41","0.00707996"
"2021-01-12","248.70","0.00713852"
"2021-01-11","231.13","0.00674508"
"2021-01-10","267.81","0.00673785"
"2021-01-09","302.10","0.00747949"
"2021-01-08","304.36","0.00764383"
"2021-01-07","286.54","0.00752645"
"2021-01-06","263.97","0.00756264"
"2021-01-05","242.15","0.00750301"
"2021-01-04","234.03","0.00734551"
"2021-01-03","248.09","0.00740964"
"2021-01-02","220.22","0.00715718"
"2021-01-01","213.02","0.00727346"
"2020-12-31","218.64","0.00757048"
"2020-12-30","207.79","0.00738398"
"2020-12-29","200.86","0.00753124"
"2020-12-28","199.54","0.00739957"
"2020-12-27","198.35","0.00733401"
"2020-12-26","184.44","0.00730016"
"2020-12-25","182.96","0.00761769"
"2020-12-24","177.69","0.00765225"
"2020-12-23","182.46","0.00775365"
"2020-12-22","179.27","0.00776118"
"2020-12-21","175.35","0.00754105"
"2020-12-20","172.71","0.00731907"
"2020-12-19","182.37","0.00780837"
"2020-12-18","186.05","0.00813022"
"2020-12-17","174.04","0.00768922"
"2020-12-16","145.80","0.00726145"
"2020-12-15","139.74","0.00722066"
"2020-12-14","135.25","0.00705770"
"2020-12-13","131.76","0.00689312"
"2020-12-12","130.58","0.00706874"
"2020-12-11","127.28","0.00709552"
"2020-12-10","130.69","0.00714058"
"2020-12-09","130.06","0.00711996"
"2020-12-08","134.41","0.00709541"
"2020-12-07","132.94","0.00692292"
"2020-12-06","134.93","0.00704539"
"2020-12-05","136.95","0.00720773"
"2020-12-04","142.99","0.00747678"
"2020-12-03","145.05","0.00752226"
"2020-12-02","144.84","0.00764198"
"2020-12-01","142.94","0.00742064"
"2020-11-30","131.47","0.00694956"
"2020-11-29","130.13","0.00723485"
"2020-11-28","132.68","0.00766465"
"2020-11-27","133.55","0.00786142"
"2020-11-26","136.91","0.00787298"
"2020-11-25","150.52","0.00789827"
"2020-11-24","145.84","0.00772955"
"2020-11-23","137.27","0.00744033"
"2020-11-22","136.09","0.00738262"
"2020-11-21","141.88","0.00758085"
"2020-11-20","142.15","0.00775305"
"2020-11-19","140.78","0.00788853"
"2020-11-18","140.04","0.00782920"
"2020-11-17","133.11","0.00779167"
"2020-11-16","127.76","0.00780479"
"2020-11-15","126.24","0.00789131"
"2020-11-14","131.58","0.00820737"
"2020-11-13","134.71","0.00826932"
"2020-11-12","132.26","0.00830501"
"2020-11-11","135.18","0.00867011"
"2020-11-10","131.15","0.00855771"
"2020-11-09","128.17","0.00833355"
"2020-11-08","128.43","0.00845018"
"2020-11-07","137.18","0.00893485"
"2020-11-06","150.39","0.00965144"
"2020-11-05","135.69","0.00920828"
"2020-11-04","130.75","0.00940833"
"2020-11-03","129.20","0.00948429"
"2020-11-02","107.08","0.00787569"
"2020-11-01","113.12","0.00821534"
"2020-10-31","120.70","0.00878469"
"2020-10-30","116.58","0.00867610"
"2020-10-29","114.12","0.00856004"
"2020-10-28","111.70","0.00830930"
"2020-10-27","101.75","0.00760716"
"2020-10-26","90.44","0.00691997"
"2020-10-25","89.99","0.00689228"
"2020-10-24","92.77","0.00712071"
"2020-10-23","96.55","0.00746454"
"2020-10-22","95.62","0.00739205"
"2020-10-21","87.28","0.00700298"
"2020-10-20","79.56","0.00671585"
"2020-10-19","76.77","0.00662768"
"2020-10-18","74.73","0.00653715"
"2020-10-17","76.59","0.00675139"
"2020-10-16","79.50","0.00699472"
"2020-10-15","80.81","0.00707932"
"2020-10-14","79.50","0.00696941"
"2020-10-13","80.50","0.00702957"
"2020-10-12","79.53","0.00694791"
"2020-10-11","79.08","0.00696011"
"2020-10-10","81.92","0.00722651"
"2020-10-09","80.62","0.00733965"
"2020-10-08","76.56","0.00713230"
"2020-10-07","78.48","0.00739009"
"2020-10-06","78.83","0.00736770"
"2020-10-05","74.84","0.00699058"
"2020-10-04","73.47","0.00692706"
"2020-10-03","75.95","0.00719833"
"2020-10-02","78.15","0.00742271"
"2020-10-01","77.82","0.00723523"
"2020-09-30","76.42","0.00711411"
"2020-09-29","75.76","0.00706091"
"2020-09-28","74.19","0.00681934"
"2020-09-27","72.50","0.00676354"
"2020-09-26","74.25","0.00692856"
"2020-09-25","75.15","0.00704191"
"2020-09-24","74.79","0.00716130"
"2020-09-23","74.95","0.00718387"
"2020-09-22","73.69","0.00703881"
"2020-09-21","72.73","0.00681168"
"2020-09-20","75.09","0.00687780"
"2020-09-19","85.30","0.00774522"
"2020-09-18","84.01","0.00769023"
"2020-09-17","84.49","0.00775626"
"2020-09-16","85.12","0.00781225"
"2020-09-15","84.20","0.00781487"
"2020-09-14","80.69","0.00767628"
"2020-09-13","78.74","0.00757426"
"2020-09-12","81.29","0.00783721"
"2020-09-11","82.80","0.00803652"
"2020-09-10","83.44","0.00807031"
"2020-09-09","80.02","0.00785572"
"2020-09-08","79.89","0.00787287"
"2020-09-07","79.15","0.00778940"
"2020-09-06","80.40","0.00788148"
"2020-09-05","85.83","0.00835677"
"2020-09-04","87.57","0.00842470"
"2020-09-03","91.50","0.00828869"
"2020-09-02","93.53","0.00807889"
"2020-09-01","95.60","0.00805070"
"2020-08-31","90.14","0.00771477"
"2020-08-30","89.58","0.00771683"
"2020-08-29","89.25","0.00775648"
"2020-08-28","92.48","0.00808263"
"2020-08-27","92.45","0.00814811"
"2020-08-26","91.24","0.00799980"
"2020-08-25","90.16","0.00783406"
"2020-08-24","90.98","0.00775346"
"2020-08-23","92.85","0.00798877"
"2020-08-22","98.43","0.00851521"
"2020-08-21","98.79","0.00841163"
"2020-08-20","100.79","0.00854245"
"2020-08-19","103.02","0.00873263"
"2020-08-18","103.22","0.00848692"
"2020-08-17","96.17","0.00797528"
"2020-08-16","93.69","0.00790476"
"2020-08-15","95.82","0.00806674"
"2020-08-14","96.88","0.00824086"
"2020-08-13","96.03","0.00831379"
"2020-08-12","97.16","0.00847576"
"2020-08-11","100.25","0.00861758"
"2020-08-10","96.83","0.00813772"
"2020-08-09","93.84","0.00803836"
"2020-08-08","97.57","0.00835002"
"2020-08-07","102.42","0.00874054"
"2020-08-06","104.84","0.00891708"
"2020-08-05","97.20","0.00847591"
"2020-08-04","94.20","0.00837718"
"2020-08-03","93.95","0.00834661"
"2020-08-02","96.58","0.00852028"
"2020-08-01","100.94","0.00869486"
"2020-07-31","100.41","0.00896880"
"2020-07-30","99.09","0.00898061"
"2020-07-29","98.62","0.00888842"
"2020-07-28","96.22","0.00875944"
"2020-07-27","83.18","0.00796716"
"2020-07-26","77.75","0.00790614"
"2020-07-25","77.02","0.00800578"
"2020-07-24","79.46","0.00831381"
"2020-07-23","79.88","0.00837205"
"2020-07-22","78.03","0.00833220"
"2020-07-21","75.06","0.00806303"
"2020-07-20","70.62","0.00769397"
"2020-07-19","71.35","0.00779346"
"2020-07-18","73.38","0.00800849"
"2020-07-17","72.62","0.00794984"
"2020-07-16","71.97","0.00788152"
"2020-07-15","71.21","0.00772223"
"2020-07-14","70.83","0.00768248"
"2020-07-13","72.58","0.00782255"
"2020-07-12","76.01","0.00821674"
"2020-07-11","76.69","0.00830064"
"2020-07-10","77.16","0.00838729"
"2020-07-09","78.16","0.00837787"
"2020-07-08","77.82","0.00832731"
"2020-07-07","76.54","0.00825802"
"2020-07-06","75.62","0.00820896"
"2020-07-05","74.27","0.00819310"
"2020-07-04","75.46","0.00830009"
"2020-07-03","76.55","0.00841825"
"2020-07-02","77.08","0.00840888"
"2020-07-01","77.38","0.00841918"
"2020-06-30","75.72","0.00827548"
"2020-06-29","74.55","0.00817809"
"2020-06-28","73.82","0.00815238"
"2020-06-27","74.70","0.00820248"
"2020-06-26","76.17","0.00829678"
"2020-06-25","76.89","0.00832864"
"2020-06-24","78.82","0.00834810"
"2020-06-23","80.25","0.00832580"
"2020-06-22","77.87","0.00821358"
"2020-06-21","76.74","0.00820857"
"2020-06-20","77.42","0.00832340"
"2020-06-19","78.81","0.00845050"
"2020-06-18","78.76","0.00837330"
"2020-06-17","79.61","0.00843116"
"2020-06-16","87.61","0.00922838"
"2020-06-15","86.51","0.00935745"
"2020-06-14","87.71","0.00932550"
"2020-06-13","88.36","0.00937209"
"2020-06-12","88.85","0.00943993"
"2020-06-11","91.77","0.00951586"
"2020-06-10","92.60","0.00946046"
"2020-06-09","92.31","0.00950396"
"2020-06-08","92.15","0.00947626"
"2020-06-07","90.23","0.00937895"
"2020-06-06","91.50","0.00949582"
"2020-06-05","94.21","0.00967076"
"2020-06-04","91.04","0.00938325"
"2020-06-03","88.08","0.00922186"
"2020-06-02","90.51","0.00916252"
"2020-06-01","85.94","0.00896615"
"2020-05-31","84.45","0.00884389"
"2020-05-30","86.59","0.00910874"
"2020-05-29","87.20","0.00922345"
"2020-05-28","84.58","0.00907522"
"2020-05-27","82.24","0.00911121"
"2020-05-26","82.04","0.00925943"
"2020-05-25","81.23","0.00921002"
"2020-05-24","85.01","0.00931643"
"2020-05-23","91.90","0.00998105"
"2020-05-22","94.40","0.01034494"
"2020-05-21","96.72","0.01042223"
"2020-05-20","100.59","0.01040153"
"2020-05-19","93.00","0.00961628"
"2020-05-18","88.65","0.00912042"
"2020-05-17","85.41","0.00887391"
"2020-05-16","86.40","0.00918817"
"2020-05-15","89.77","0.00942593"
"2020-05-14","87.09","0.00909259"
"2020-05-13","80.03","0.00884684"
"2020-05-12","76.36","0.00870235"
"2020-05-11","127.20","0.01459356"
"2020-05-10","140.86","0.01621197"
"2020-05-09","161.22","0.01657146"
"2020-05-08","163.25","0.01644749"
"2020-05-07","154.36","0.01626388"
"2020-05-06","147.98","0.01615194"
"2020-05-05","144.77","0.01621092"
"2020-05-04","142.40","0.01623251"
"2020-05-03","145.71","0.01622431"
"2020-05-02","146.37","0.01649365"
"2020-05-01","147.75","0.01682139"
"2020-04-30","146.33","0.01645448"
"2020-04-29","132.19","0.01603142"
"2020-04-28","123.68","0.01599978"
"2020-04-27","123.17","0.01596496"
"2020-04-26","121.43","0.01597432"
"2020-04-25","121.25","0.01607230"
"2020-04-24","121.16","0.01610974"
"2020-04-23","117.20","0.01606605"
"2020-04-22","111.61","0.01594297"
"2020-04-21","112.30","0.01635123"
"2020-04-20","121.62","0.01724004"
"2020-04-19","123.65","0.01724227"
"2020-04-18","123.89","0.01731273"
"2020-04-17","122.71","0.01734653"
"2020-04-16","119.75","0.01732416"
"2020-04-15","117.70","0.01730427"
"2020-04-14","118.59","0.01722646"
"2020-04-13","116.25","0.01721810"
"2020-04-12","119.50","0.01719965"
"2020-04-11","118.40","0.01723005"
"2020-04-10","120.53","0.01727687"
"2020-04-09","126.42","0.01730513"
"2020-04-08","129.02","0.01766602"
"2020-04-07","133.93","0.01830044"
"2020-04-06","129.22","0.01822515"
"2020-04-05","123.72","0.01820048"
"2020-04-04","124.00","0.01830574"
"2020-04-03","124.90","0.01832686"
"2020-04-02","123.20","0.01831710"